id,title,difficulty,paidOnly,url,focus_tags,done,note
1,Two Sum,EASY,False,https://leetcode.com/problems/two-sum/,agg-ranking,,
9,Palindrome Number,EASY,False,https://leetcode.com/problems/palindrome-number/,basic-math,,
13,Roman to Integer,EASY,False,https://leetcode.com/problems/roman-to-integer/,basic-math,,
20,Valid Parentheses,EASY,False,https://leetcode.com/problems/valid-parentheses/,data-cleaning,,
26,Remove Duplicates from Sorted Array,EASY,False,https://leetcode.com/problems/remove-duplicates-from-sorted-array/,data-cleaning,,
27,Remove Element,EASY,False,https://leetcode.com/problems/remove-element/,data-cleaning,,
66,Plus One,EASY,False,https://leetcode.com/problems/plus-one/,basic-math,,
67,Add Binary,EASY,False,https://leetcode.com/problems/add-binary/,basic-math,,
69,Sqrt(x),EASY,False,https://leetcode.com/problems/sqrtx/,basic-math,,
83,Remove Duplicates from Sorted List,EASY,False,https://leetcode.com/problems/remove-duplicates-from-sorted-list/,data-cleaning,,
94,Binary Tree Inorder Traversal,EASY,False,https://leetcode.com/problems/binary-tree-inorder-traversal/,basic-math,,
104,Maximum Depth of Binary Tree,EASY,False,https://leetcode.com/problems/maximum-depth-of-binary-tree/,"agg-ranking,basic-math",,
108,Convert Sorted Array to Binary Search Tree,EASY,False,https://leetcode.com/problems/convert-sorted-array-to-binary-search-tree/,basic-math,,
110,Balanced Binary Tree,EASY,False,https://leetcode.com/problems/balanced-binary-tree/,basic-math,,
111,Minimum Depth of Binary Tree,EASY,False,https://leetcode.com/problems/minimum-depth-of-binary-tree/,"agg-ranking,basic-math",,
112,Path Sum,EASY,False,https://leetcode.com/problems/path-sum/,agg-ranking,,
125,Valid Palindrome,EASY,False,https://leetcode.com/problems/valid-palindrome/,"data-cleaning,basic-math",,
144,Binary Tree Preorder Traversal,EASY,False,https://leetcode.com/problems/binary-tree-preorder-traversal/,basic-math,,
145,Binary Tree Postorder Traversal,EASY,False,https://leetcode.com/problems/binary-tree-postorder-traversal/,basic-math,,
163,Missing Ranges,EASY,True,https://leetcode.com/problems/missing-ranges/,data-cleaning,,
170,Two Sum III - Data structure design,EASY,True,https://leetcode.com/problems/two-sum-iii-data-structure-design/,agg-ranking,,
182,Duplicate Emails,EASY,False,https://leetcode.com/problems/duplicate-emails/,data-cleaning,,
183,Customers Who Never Order,EASY,False,https://leetcode.com/problems/customers-who-never-order/,tabular-business,,
191,Number of 1 Bits,EASY,False,https://leetcode.com/problems/number-of-1-bits/,agg-ranking,,
193,Valid Phone Numbers,EASY,False,https://leetcode.com/problems/valid-phone-numbers/,data-cleaning,,
196,Delete Duplicate Emails,EASY,False,https://leetcode.com/problems/delete-duplicate-emails/,data-cleaning,,
203,Remove Linked List Elements,EASY,False,https://leetcode.com/problems/remove-linked-list-elements/,data-cleaning,,
217,Contains Duplicate,EASY,False,https://leetcode.com/problems/contains-duplicate/,data-cleaning,,
219,Contains Duplicate II,EASY,False,https://leetcode.com/problems/contains-duplicate-ii/,data-cleaning,,
222,Count Complete Tree Nodes,EASY,False,https://leetcode.com/problems/count-complete-tree-nodes/,agg-ranking,,
226,Invert Binary Tree,EASY,False,https://leetcode.com/problems/invert-binary-tree/,basic-math,,
231,Power of Two,EASY,False,https://leetcode.com/problems/power-of-two/,basic-math,,
234,Palindrome Linked List,EASY,False,https://leetcode.com/problems/palindrome-linked-list/,basic-math,,
242,Valid Anagram,EASY,False,https://leetcode.com/problems/valid-anagram/,data-cleaning,,
257,Binary Tree Paths,EASY,False,https://leetcode.com/problems/binary-tree-paths/,basic-math,,
258,Add Digits,EASY,False,https://leetcode.com/problems/add-digits/,basic-math,,
266,Palindrome Permutation,EASY,True,https://leetcode.com/problems/palindrome-permutation/,basic-math,,
268,Missing Number,EASY,False,https://leetcode.com/problems/missing-number/,data-cleaning,,
270,Closest Binary Search Tree Value,EASY,True,https://leetcode.com/problems/closest-binary-search-tree-value/,basic-math,,
303,Range Sum Query - Immutable,EASY,False,https://leetcode.com/problems/range-sum-query-immutable/,agg-ranking,,
326,Power of Three,EASY,False,https://leetcode.com/problems/power-of-three/,basic-math,,
342,Power of Four,EASY,False,https://leetcode.com/problems/power-of-four/,basic-math,,
346,Moving Average from Data Stream,EASY,True,https://leetcode.com/problems/moving-average-from-data-stream/,"stats-prob,time-series,kpi-metrics",,
359,Logger Rate Limiter,EASY,True,https://leetcode.com/problems/logger-rate-limiter/,"stats-prob,kpi-metrics",,
367,Valid Perfect Square,EASY,False,https://leetcode.com/problems/valid-perfect-square/,data-cleaning,,
387,First Unique Character in a String,EASY,False,https://leetcode.com/problems/first-unique-character-in-a-string/,data-cleaning,,
401,Binary Watch,EASY,False,https://leetcode.com/problems/binary-watch/,basic-math,,
404,Sum of Left Leaves,EASY,False,https://leetcode.com/problems/sum-of-left-leaves/,agg-ranking,,
408,Valid Word Abbreviation,EASY,True,https://leetcode.com/problems/valid-word-abbreviation/,data-cleaning,,
409,Longest Palindrome,EASY,False,https://leetcode.com/problems/longest-palindrome/,basic-math,,
414,Third Maximum Number,EASY,False,https://leetcode.com/problems/third-maximum-number/,agg-ranking,,
415,Add Strings,EASY,False,https://leetcode.com/problems/add-strings/,basic-math,,
422,Valid Word Square,EASY,True,https://leetcode.com/problems/valid-word-square/,data-cleaning,,
434,Number of Segments in a String,EASY,False,https://leetcode.com/problems/number-of-segments-in-a-string/,agg-ranking,,
485,Max Consecutive Ones,EASY,False,https://leetcode.com/problems/max-consecutive-ones/,time-series,,
501,Find Mode in Binary Search Tree,EASY,False,https://leetcode.com/problems/find-mode-in-binary-search-tree/,"stats-prob,basic-math",,
530,Minimum Absolute Difference in BST,EASY,False,https://leetcode.com/problems/minimum-absolute-difference-in-bst/,agg-ranking,,
543,Diameter of Binary Tree,EASY,False,https://leetcode.com/problems/diameter-of-binary-tree/,basic-math,,
559,Maximum Depth of N-ary Tree,EASY,False,https://leetcode.com/problems/maximum-depth-of-n-ary-tree/,agg-ranking,,
563,Binary Tree Tilt,EASY,False,https://leetcode.com/problems/binary-tree-tilt/,basic-math,,
577,Employee Bonus,EASY,False,https://leetcode.com/problems/employee-bonus/,"kpi-metrics,tabular-business",,
584,Find Customer Referee,EASY,False,https://leetcode.com/problems/find-customer-referee/,tabular-business,,
586,Customer Placing the Largest Number of Orders,EASY,False,https://leetcode.com/problems/customer-placing-the-largest-number-of-orders/,"agg-ranking,tabular-business",,
596,Classes With at Least 5 Students,EASY,False,https://leetcode.com/problems/classes-with-at-least-5-students/,agg-ranking,,
597,Friend Requests I: Overall Acceptance Rate,EASY,True,https://leetcode.com/problems/friend-requests-i-overall-acceptance-rate/,"stats-prob,kpi-metrics",,
599,Minimum Index Sum of Two Lists,EASY,False,https://leetcode.com/problems/minimum-index-sum-of-two-lists/,agg-ranking,,
603,Consecutive Available Seats,EASY,True,https://leetcode.com/problems/consecutive-available-seats/,time-series,,
607,Sales Person,EASY,False,https://leetcode.com/problems/sales-person/,tabular-business,,
617,Merge Two Binary Trees,EASY,False,https://leetcode.com/problems/merge-two-binary-trees/,basic-math,,
628,Maximum Product of Three Numbers,EASY,False,https://leetcode.com/problems/maximum-product-of-three-numbers/,"agg-ranking,tabular-business",,
637,Average of Levels in Binary Tree,EASY,False,https://leetcode.com/problems/average-of-levels-in-binary-tree/,"stats-prob,kpi-metrics,basic-math",,
643,Maximum Average Subarray I,EASY,False,https://leetcode.com/problems/maximum-average-subarray-i/,"stats-prob,agg-ranking,kpi-metrics",,
653,Two Sum IV - Input is a BST,EASY,False,https://leetcode.com/problems/two-sum-iv-input-is-a-bst/,agg-ranking,,
671,Second Minimum Node In a Binary Tree,EASY,False,https://leetcode.com/problems/second-minimum-node-in-a-binary-tree/,"agg-ranking,basic-math",,
674,Longest Continuous Increasing Subsequence,EASY,False,https://leetcode.com/problems/longest-continuous-increasing-subsequence/,time-series,,
680,Valid Palindrome II,EASY,False,https://leetcode.com/problems/valid-palindrome-ii/,"data-cleaning,basic-math",,
693,Binary Number with Alternating Bits,EASY,False,https://leetcode.com/problems/binary-number-with-alternating-bits/,basic-math,,
696,Count Binary Substrings,EASY,False,https://leetcode.com/problems/count-binary-substrings/,"agg-ranking,basic-math",,
700,Search in a Binary Search Tree,EASY,False,https://leetcode.com/problems/search-in-a-binary-search-tree/,basic-math,,
703,Kth Largest Element in a Stream,EASY,False,https://leetcode.com/problems/kth-largest-element-in-a-stream/,agg-ranking,,
704,Binary Search,EASY,False,https://leetcode.com/problems/binary-search/,basic-math,,
747,Largest Number At Least Twice of Others,EASY,False,https://leetcode.com/problems/largest-number-at-least-twice-of-others/,agg-ranking,,
762,Prime Number of Set Bits in Binary Representation,EASY,False,https://leetcode.com/problems/prime-number-of-set-bits-in-binary-representation/,"agg-ranking,basic-math",,
783,Minimum Distance Between BST Nodes,EASY,False,https://leetcode.com/problems/minimum-distance-between-bst-nodes/,agg-ranking,,
804,Unique Morse Code Words,EASY,False,https://leetcode.com/problems/unique-morse-code-words/,data-cleaning,,
806,Number of Lines To Write String,EASY,False,https://leetcode.com/problems/number-of-lines-to-write-string/,agg-ranking,,
819,Most Common Word,EASY,False,https://leetcode.com/problems/most-common-word/,agg-ranking,,
868,Binary Gap,EASY,False,https://leetcode.com/problems/binary-gap/,basic-math,,
897,Increasing Order Search Tree,EASY,False,https://leetcode.com/problems/increasing-order-search-tree/,tabular-business,,
929,Unique Email Addresses,EASY,False,https://leetcode.com/problems/unique-email-addresses/,data-cleaning,,
933,Number of Recent Calls,EASY,False,https://leetcode.com/problems/number-of-recent-calls/,agg-ranking,,
938,Range Sum of BST,EASY,False,https://leetcode.com/problems/range-sum-of-bst/,agg-ranking,,
941,Valid Mountain Array,EASY,False,https://leetcode.com/problems/valid-mountain-array/,data-cleaning,,
944,Delete Columns to Make Sorted,EASY,False,https://leetcode.com/problems/delete-columns-to-make-sorted/,data-cleaning,,
965,Univalued Binary Tree,EASY,False,https://leetcode.com/problems/univalued-binary-tree/,basic-math,,
989,Add to Array-Form of Integer,EASY,False,https://leetcode.com/problems/add-to-array-form-of-integer/,basic-math,,
993,Cousins in Binary Tree,EASY,False,https://leetcode.com/problems/cousins-in-binary-tree/,basic-math,,
1005,Maximize Sum Of Array After K Negations,EASY,False,https://leetcode.com/problems/maximize-sum-of-array-after-k-negations/,agg-ranking,,
1013,Partition Array Into Three Parts With Equal Sum,EASY,False,https://leetcode.com/problems/partition-array-into-three-parts-with-equal-sum/,agg-ranking,,
1018,Binary Prefix Divisible By 5,EASY,False,https://leetcode.com/problems/binary-prefix-divisible-by-5/,basic-math,,
1021,Remove Outermost Parentheses,EASY,False,https://leetcode.com/problems/remove-outermost-parentheses/,data-cleaning,,
1022,Sum of Root To Leaf Binary Numbers,EASY,False,https://leetcode.com/problems/sum-of-root-to-leaf-binary-numbers/,"agg-ranking,basic-math",,
1030,Matrix Cells in Distance Order,EASY,False,https://leetcode.com/problems/matrix-cells-in-distance-order/,tabular-business,,
1037,Valid Boomerang,EASY,False,https://leetcode.com/problems/valid-boomerang/,data-cleaning,,
1047,Remove All Adjacent Duplicates In String,EASY,False,https://leetcode.com/problems/remove-all-adjacent-duplicates-in-string/,data-cleaning,,
1050,Actors and Directors Who Cooperated At Least Three Times,EASY,False,https://leetcode.com/problems/actors-and-directors-who-cooperated-at-least-three-times/,agg-ranking,,
1068,Product Sales Analysis I,EASY,False,https://leetcode.com/problems/product-sales-analysis-i/,tabular-business,,
1069,Product Sales Analysis II,EASY,True,https://leetcode.com/problems/product-sales-analysis-ii/,tabular-business,,
1082,Sales Analysis I,EASY,True,https://leetcode.com/problems/sales-analysis-i/,tabular-business,,
1083,Sales Analysis II,EASY,True,https://leetcode.com/problems/sales-analysis-ii/,tabular-business,,
1084,Sales Analysis III,EASY,False,https://leetcode.com/problems/sales-analysis-iii/,tabular-business,,
1085,Sum of Digits in the Minimum Number,EASY,True,https://leetcode.com/problems/sum-of-digits-in-the-minimum-number/,agg-ranking,,
1089,Duplicate Zeros,EASY,False,https://leetcode.com/problems/duplicate-zeros/,data-cleaning,,
1099,Two Sum Less Than K,EASY,True,https://leetcode.com/problems/two-sum-less-than-k/,agg-ranking,,
1114,Print in Order,EASY,False,https://leetcode.com/problems/print-in-order/,tabular-business,,
1118,Number of Days in a Month,EASY,True,https://leetcode.com/problems/number-of-days-in-a-month/,"agg-ranking,time-series",,
1119,Remove Vowels from a String,EASY,True,https://leetcode.com/problems/remove-vowels-from-a-string/,data-cleaning,,
1128,Number of Equivalent Domino Pairs,EASY,False,https://leetcode.com/problems/number-of-equivalent-domino-pairs/,agg-ranking,,
1133,Largest Unique Number,EASY,True,https://leetcode.com/problems/largest-unique-number/,data-cleaning,,
1141,User Activity for the Past 30 Days I,EASY,False,https://leetcode.com/problems/user-activity-for-the-past-30-days-i/,tabular-business,,
1142,User Activity for the Past 30 Days II,EASY,True,https://leetcode.com/problems/user-activity-for-the-past-30-days-ii/,tabular-business,,
1148,Article Views I,EASY,False,https://leetcode.com/problems/article-views-i/,tabular-business,,
1154,Day of the Year,EASY,False,https://leetcode.com/problems/day-of-the-year/,time-series,,
1175,Prime Arrangements,EASY,False,https://leetcode.com/problems/prime-arrangements/,basic-math,,
1179,Reformat Department Table,EASY,False,https://leetcode.com/problems/reformat-department-table/,tabular-business,,
1180,Count Substrings with Only One Distinct Letter,EASY,True,https://leetcode.com/problems/count-substrings-with-only-one-distinct-letter/,"data-cleaning,agg-ranking",,
1185,Day of the Week,EASY,False,https://leetcode.com/problems/day-of-the-week/,time-series,,
1189,Maximum Number of Balloons,EASY,False,https://leetcode.com/problems/maximum-number-of-balloons/,agg-ranking,,
1200,Minimum Absolute Difference,EASY,False,https://leetcode.com/problems/minimum-absolute-difference/,agg-ranking,,
1207,Unique Number of Occurrences,EASY,False,https://leetcode.com/problems/unique-number-of-occurrences/,"data-cleaning,agg-ranking",,
1211,Queries Quality and Percentage,EASY,False,https://leetcode.com/problems/queries-quality-and-percentage/,"stats-prob,kpi-metrics",,
1217,Minimum Cost to Move Chips to The Same Position,EASY,False,https://leetcode.com/problems/minimum-cost-to-move-chips-to-the-same-position/,agg-ranking,,
1228,Missing Number In Arithmetic Progression,EASY,True,https://leetcode.com/problems/missing-number-in-arithmetic-progression/,data-cleaning,,
1241,Number of Comments per Post,EASY,True,https://leetcode.com/problems/number-of-comments-per-post/,agg-ranking,,
1251,Average Selling Price,EASY,False,https://leetcode.com/problems/average-selling-price/,"stats-prob,kpi-metrics",,
1266,Minimum Time Visiting All Points,EASY,False,https://leetcode.com/problems/minimum-time-visiting-all-points/,agg-ranking,,
1281,Subtract the Product and Sum of Digits of an Integer,EASY,False,https://leetcode.com/problems/subtract-the-product-and-sum-of-digits-of-an-integer/,"agg-ranking,tabular-business,basic-math",,
1290,Convert Binary Number in a Linked List to Integer,EASY,False,https://leetcode.com/problems/convert-binary-number-in-a-linked-list-to-integer/,basic-math,,
1295,Find Numbers with Even Number of Digits,EASY,False,https://leetcode.com/problems/find-numbers-with-even-number-of-digits/,agg-ranking,,
1299,Replace Elements with Greatest Element on Right Side,EASY,False,https://leetcode.com/problems/replace-elements-with-greatest-element-on-right-side/,data-cleaning,,
1304,Find N Unique Integers Sum up to Zero,EASY,False,https://leetcode.com/problems/find-n-unique-integers-sum-up-to-zero/,"data-cleaning,agg-ranking",,
1317,Convert Integer to the Sum of Two No-Zero Integers,EASY,False,https://leetcode.com/problems/convert-integer-to-the-sum-of-two-no-zero-integers/,agg-ranking,,
1323,Maximum 69 Number,EASY,False,https://leetcode.com/problems/maximum-69-number/,agg-ranking,,
1331,Rank Transform of an Array,EASY,False,https://leetcode.com/problems/rank-transform-of-an-array/,agg-ranking,,
1332,Remove Palindromic Subsequences,EASY,False,https://leetcode.com/problems/remove-palindromic-subsequences/,data-cleaning,,
1342,Number of Steps to Reduce a Number to Zero,EASY,False,https://leetcode.com/problems/number-of-steps-to-reduce-a-number-to-zero/,agg-ranking,,
1350,Students With Invalid Departments,EASY,True,https://leetcode.com/problems/students-with-invalid-departments/,data-cleaning,,
1351,Count Negative Numbers in a Sorted Matrix,EASY,False,https://leetcode.com/problems/count-negative-numbers-in-a-sorted-matrix/,agg-ranking,,
1356,Sort Integers by The Number of 1 Bits,EASY,False,https://leetcode.com/problems/sort-integers-by-the-number-of-1-bits/,agg-ranking,,
1360,Number of Days Between Two Dates,EASY,False,https://leetcode.com/problems/number-of-days-between-two-dates/,agg-ranking,,
1378,Replace Employee ID With The Unique Identifier,EASY,False,https://leetcode.com/problems/replace-employee-id-with-the-unique-identifier/,"data-cleaning,tabular-business",,
1379,Find a Corresponding Node of a Binary Tree in a Clone of That Tree,EASY,False,https://leetcode.com/problems/find-a-corresponding-node-of-a-binary-tree-in-a-clone-of-that-tree/,basic-math,,
1389,Create Target Array in the Given Order,EASY,False,https://leetcode.com/problems/create-target-array-in-the-given-order/,tabular-business,,
1399,Count Largest Group,EASY,False,https://leetcode.com/problems/count-largest-group/,agg-ranking,,
1403,Minimum Subsequence in Non-Increasing Order,EASY,False,https://leetcode.com/problems/minimum-subsequence-in-non-increasing-order/,"agg-ranking,tabular-business",,
1407,Top Travellers,EASY,False,https://leetcode.com/problems/top-travellers/,agg-ranking,,
1413,Minimum Value to Get Positive Step by Step Sum,EASY,False,https://leetcode.com/problems/minimum-value-to-get-positive-step-by-step-sum/,agg-ranking,,
1422,Maximum Score After Splitting a String,EASY,False,https://leetcode.com/problems/maximum-score-after-splitting-a-string/,"agg-ranking,kpi-metrics",,
1431,Kids With the Greatest Number of Candies,EASY,False,https://leetcode.com/problems/kids-with-the-greatest-number-of-candies/,agg-ranking,,
1437,Check If All 1's Are at Least Length K Places Away,EASY,False,https://leetcode.com/problems/check-if-all-1s-are-at-least-length-k-places-away/,agg-ranking,,
1446,Consecutive Characters,EASY,False,https://leetcode.com/problems/consecutive-characters/,time-series,,
1450,Number of Students Doing Homework at a Given Time,EASY,False,https://leetcode.com/problems/number-of-students-doing-homework-at-a-given-time/,agg-ranking,,
1464,Maximum Product of Two Elements in an Array,EASY,False,https://leetcode.com/problems/maximum-product-of-two-elements-in-an-array/,"agg-ranking,tabular-business",,
1474,Delete N Nodes After M Nodes of a Linked List,EASY,True,https://leetcode.com/problems/delete-n-nodes-after-m-nodes-of-a-linked-list/,data-cleaning,,
1480,Running Sum of 1d Array,EASY,False,https://leetcode.com/problems/running-sum-of-1d-array/,agg-ranking,,
1484,Group Sold Products By The Date,EASY,False,https://leetcode.com/problems/group-sold-products-by-the-date/,"data-cleaning,agg-ranking,time-series",,
1491,Average Salary Excluding the Minimum and Maximum Salary,EASY,False,https://leetcode.com/problems/average-salary-excluding-the-minimum-and-maximum-salary/,"stats-prob,agg-ranking,kpi-metrics,tabular-business",,
1495,Friendly Movies Streamed Last Month,EASY,True,https://leetcode.com/problems/friendly-movies-streamed-last-month/,time-series,,
1507,Reformat Date,EASY,False,https://leetcode.com/problems/reformat-date/,"data-cleaning,time-series",,
1511,Customer Order Frequency,EASY,True,https://leetcode.com/problems/customer-order-frequency/,"agg-ranking,tabular-business",,
1512,Number of Good Pairs,EASY,False,https://leetcode.com/problems/number-of-good-pairs/,agg-ranking,,
1517,Find Users With Valid E-Mails,EASY,False,https://leetcode.com/problems/find-users-with-valid-e-mails/,data-cleaning,,
1523,Count Odd Numbers in an Interval Range,EASY,False,https://leetcode.com/problems/count-odd-numbers-in-an-interval-range/,"stats-prob,agg-ranking",,
1534,Count Good Triplets,EASY,False,https://leetcode.com/problems/count-good-triplets/,agg-ranking,,
1539,Kth Missing Positive Number,EASY,False,https://leetcode.com/problems/kth-missing-positive-number/,"data-cleaning,agg-ranking",,
1543,Fix Product Name Format,EASY,True,https://leetcode.com/problems/fix-product-name-format/,"data-cleaning,tabular-business",,
1550,Three Consecutive Odds,EASY,False,https://leetcode.com/problems/three-consecutive-odds/,time-series,,
1560,Most Visited Sector in  a Circular Track,EASY,False,https://leetcode.com/problems/most-visited-sector-in-a-circular-track/,agg-ranking,,
1565,Unique Orders and Customers Per Month,EASY,True,https://leetcode.com/problems/unique-orders-and-customers-per-month/,"data-cleaning,time-series",,
1572,Matrix Diagonal Sum,EASY,False,https://leetcode.com/problems/matrix-diagonal-sum/,agg-ranking,,
1576,Replace All ?'s to Avoid Consecutive Repeating Characters,EASY,False,https://leetcode.com/problems/replace-all-s-to-avoid-consecutive-repeating-characters/,"data-cleaning,time-series",,
1581,Customer Who Visited but Did Not Make Any Transactions,EASY,False,https://leetcode.com/problems/customer-who-visited-but-did-not-make-any-transactions/,tabular-business,,
1582,Special Positions in a Binary Matrix,EASY,False,https://leetcode.com/problems/special-positions-in-a-binary-matrix/,basic-math,,
1587,Bank Account Summary II,EASY,False,https://leetcode.com/problems/bank-account-summary-ii/,tabular-business,,
1588,Sum of All Odd Length Subarrays,EASY,False,https://leetcode.com/problems/sum-of-all-odd-length-subarrays/,agg-ranking,,
1607,Sellers With No Sales,EASY,True,https://leetcode.com/problems/sellers-with-no-sales/,tabular-business,,
1614,Maximum Nesting Depth of the Parentheses,EASY,False,https://leetcode.com/problems/maximum-nesting-depth-of-the-parentheses/,agg-ranking,,
1619,Mean of Array After Removing Some Elements,EASY,False,https://leetcode.com/problems/mean-of-array-after-removing-some-elements/,"stats-prob,kpi-metrics",,
1623,All Valid Triplets That Can Represent a Country,EASY,True,https://leetcode.com/problems/all-valid-triplets-that-can-represent-a-country/,data-cleaning,,
1633,Percentage of Users Attended a Contest,EASY,False,https://leetcode.com/problems/percentage-of-users-attended-a-contest/,"stats-prob,kpi-metrics",,
1636,Sort Array by Increasing Frequency,EASY,False,https://leetcode.com/problems/sort-array-by-increasing-frequency/,agg-ranking,,
1646,Get Maximum in Generated Array,EASY,False,https://leetcode.com/problems/get-maximum-in-generated-array/,agg-ranking,,
1661,Average Time of Process per Machine,EASY,False,https://leetcode.com/problems/average-time-of-process-per-machine/,"stats-prob,time-series,kpi-metrics",,
1667,Fix Names in a Table,EASY,False,https://leetcode.com/problems/fix-names-in-a-table/,data-cleaning,,
1668,Maximum Repeating Substring,EASY,False,https://leetcode.com/problems/maximum-repeating-substring/,agg-ranking,,
1672,Richest Customer Wealth,EASY,False,https://leetcode.com/problems/richest-customer-wealth/,tabular-business,,
1677,Product's Worth Over Invoices,EASY,True,https://leetcode.com/problems/products-worth-over-invoices/,tabular-business,,
1683,Invalid Tweets,EASY,False,https://leetcode.com/problems/invalid-tweets/,data-cleaning,,
1684,Count the Number of Consistent Strings,EASY,False,https://leetcode.com/problems/count-the-number-of-consistent-strings/,agg-ranking,,
1688,Count of Matches in Tournament,EASY,False,https://leetcode.com/problems/count-of-matches-in-tournament/,agg-ranking,,
1693,Daily Leads and Partners,EASY,False,https://leetcode.com/problems/daily-leads-and-partners/,time-series,,
1700,Number of Students Unable to Eat Lunch,EASY,False,https://leetcode.com/problems/number-of-students-unable-to-eat-lunch/,agg-ranking,,
1710,Maximum Units on a Truck,EASY,False,https://leetcode.com/problems/maximum-units-on-a-truck/,agg-ranking,,
1725,Number Of Rectangles That Can Form The Largest Square,EASY,False,https://leetcode.com/problems/number-of-rectangles-that-can-form-the-largest-square/,agg-ranking,,
1729,Find Followers Count,EASY,False,https://leetcode.com/problems/find-followers-count/,agg-ranking,,
1731,The Number of Employees Which Report to Each Employee,EASY,False,https://leetcode.com/problems/the-number-of-employees-which-report-to-each-employee/,"agg-ranking,tabular-business",,
1732,Find the Highest Altitude,EASY,False,https://leetcode.com/problems/find-the-highest-altitude/,agg-ranking,,
1741,Find Total Time Spent by Each Employee,EASY,False,https://leetcode.com/problems/find-total-time-spent-by-each-employee/,"agg-ranking,time-series,kpi-metrics,tabular-business",,
1742,Maximum Number of Balls in a Box,EASY,False,https://leetcode.com/problems/maximum-number-of-balls-in-a-box/,agg-ranking,,
1748,Sum of Unique Elements,EASY,False,https://leetcode.com/problems/sum-of-unique-elements/,"data-cleaning,agg-ranking",,
1758,Minimum Changes To Make Alternating Binary String,EASY,False,https://leetcode.com/problems/minimum-changes-to-make-alternating-binary-string/,"agg-ranking,basic-math",,
1773,Count Items Matching a Rule,EASY,False,https://leetcode.com/problems/count-items-matching-a-rule/,agg-ranking,,
1777,Product's Price for Each Store,EASY,True,https://leetcode.com/problems/products-price-for-each-store/,tabular-business,,
1784,Check if Binary String Has at Most One Segment of Ones,EASY,False,https://leetcode.com/problems/check-if-binary-string-has-at-most-one-segment-of-ones/,"agg-ranking,basic-math",,
1789,Primary Department for Each Employee,EASY,False,https://leetcode.com/problems/primary-department-for-each-employee/,tabular-business,,
1796,Second Largest Digit in a String,EASY,False,https://leetcode.com/problems/second-largest-digit-in-a-string/,agg-ranking,,
1800,Maximum Ascending Subarray Sum,EASY,False,https://leetcode.com/problems/maximum-ascending-subarray-sum/,agg-ranking,,
1805,Number of Different Integers in a String,EASY,False,https://leetcode.com/problems/number-of-different-integers-in-a-string/,agg-ranking,,
1821,Find Customers With Positive Revenue this Year,EASY,True,https://leetcode.com/problems/find-customers-with-positive-revenue-this-year/,time-series,,
1822,Sign of the Product of an Array,EASY,False,https://leetcode.com/problems/sign-of-the-product-of-an-array/,tabular-business,,
1827,Minimum Operations to Make the Array Increasing,EASY,False,https://leetcode.com/problems/minimum-operations-to-make-the-array-increasing/,agg-ranking,,
1837,Sum of Digits in Base K,EASY,False,https://leetcode.com/problems/sum-of-digits-in-base-k/,agg-ranking,,
1844,Replace All Digits with Characters,EASY,False,https://leetcode.com/problems/replace-all-digits-with-characters/,data-cleaning,,
1848,Minimum Distance to the Target Element,EASY,False,https://leetcode.com/problems/minimum-distance-to-the-target-element/,agg-ranking,,
1853,Convert Date Format,EASY,True,https://leetcode.com/problems/convert-date-format/,"data-cleaning,time-series",,
1854,Maximum Population Year,EASY,False,https://leetcode.com/problems/maximum-population-year/,"agg-ranking,time-series",,
1863,Sum of All Subset XOR Totals,EASY,False,https://leetcode.com/problems/sum-of-all-subset-xor-totals/,agg-ranking,,
1873,Calculate Special Bonus,EASY,False,https://leetcode.com/problems/calculate-special-bonus/,kpi-metrics,,
1876,Substrings of Size Three with Distinct Characters,EASY,False,https://leetcode.com/problems/substrings-of-size-three-with-distinct-characters/,data-cleaning,,
1909,Remove One Element to Make the Array Strictly Increasing,EASY,False,https://leetcode.com/problems/remove-one-element-to-make-the-array-strictly-increasing/,data-cleaning,,
1913,Maximum Product Difference Between Two Pairs,EASY,False,https://leetcode.com/problems/maximum-product-difference-between-two-pairs/,"agg-ranking,tabular-business",,
1925,Count Square Sum Triples,EASY,False,https://leetcode.com/problems/count-square-sum-triples/,agg-ranking,,
1935,Maximum Number of Words You Can Type,EASY,False,https://leetcode.com/problems/maximum-number-of-words-you-can-type/,agg-ranking,,
1941,Check if All Characters Have Equal Number of Occurrences,EASY,False,https://leetcode.com/problems/check-if-all-characters-have-equal-number-of-occurrences/,agg-ranking,,
1945,Sum of Digits of String After Convert,EASY,False,https://leetcode.com/problems/sum-of-digits-of-string-after-convert/,agg-ranking,,
1957,Delete Characters to Make Fancy String,EASY,False,https://leetcode.com/problems/delete-characters-to-make-fancy-string/,data-cleaning,,
1965,Employees With Missing Information,EASY,False,https://leetcode.com/problems/employees-with-missing-information/,data-cleaning,,
1967,Number of Strings That Appear as Substrings in Word,EASY,False,https://leetcode.com/problems/number-of-strings-that-appear-as-substrings-in-word/,agg-ranking,,
1974,Minimum Time to Type Word Using Special Typewriter,EASY,False,https://leetcode.com/problems/minimum-time-to-type-word-using-special-typewriter/,agg-ranking,,
1984,Minimum Difference Between Highest and Lowest of K Scores,EASY,False,https://leetcode.com/problems/minimum-difference-between-highest-and-lowest-of-k-scores/,agg-ranking,,
1995,Count Special Quadruplets,EASY,False,https://leetcode.com/problems/count-special-quadruplets/,agg-ranking,,
2006,Count Number of Pairs With Absolute Difference K,EASY,False,https://leetcode.com/problems/count-number-of-pairs-with-absolute-difference-k/,agg-ranking,,
2016,Maximum Difference Between Increasing Elements,EASY,False,https://leetcode.com/problems/maximum-difference-between-increasing-elements/,agg-ranking,,
2027,Minimum Moves to Convert String,EASY,False,https://leetcode.com/problems/minimum-moves-to-convert-string/,agg-ranking,,
2037,Minimum Number of Moves to Seat Everyone,EASY,False,https://leetcode.com/problems/minimum-number-of-moves-to-seat-everyone/,agg-ranking,,
2047,Number of Valid Words in a Sentence,EASY,False,https://leetcode.com/problems/number-of-valid-words-in-a-sentence/,"data-cleaning,agg-ranking",,
2053,Kth Distinct String in an Array,EASY,False,https://leetcode.com/problems/kth-distinct-string-in-an-array/,"data-cleaning,agg-ranking",,
2062,Count Vowel Substrings of a String,EASY,False,https://leetcode.com/problems/count-vowel-substrings-of-a-string/,agg-ranking,,
2082,The Number of Rich Customers,EASY,True,https://leetcode.com/problems/the-number-of-rich-customers/,agg-ranking,,
2085,Count Common Words With One Occurrence,EASY,False,https://leetcode.com/problems/count-common-words-with-one-occurrence/,agg-ranking,,
2099,Find Subsequence of Length K With the Largest Sum,EASY,False,https://leetcode.com/problems/find-subsequence-of-length-k-with-the-largest-sum/,agg-ranking,,
2114,Maximum Number of Words Found in Sentences,EASY,False,https://leetcode.com/problems/maximum-number-of-words-found-in-sentences/,agg-ranking,,
2138,Divide a String Into Groups of Size k,EASY,False,https://leetcode.com/problems/divide-a-string-into-groups-of-size-k/,basic-math,,
2144,Minimum Cost of Buying Candies With Discount,EASY,False,https://leetcode.com/problems/minimum-cost-of-buying-candies-with-discount/,agg-ranking,,
2148,Count Elements With Strictly Smaller and Greater Elements,EASY,False,https://leetcode.com/problems/count-elements-with-strictly-smaller-and-greater-elements/,agg-ranking,,
2160,Minimum Sum of Four Digit Number After Splitting Digits,EASY,False,https://leetcode.com/problems/minimum-sum-of-four-digit-number-after-splitting-digits/,agg-ranking,,
2169,Count Operations to Obtain Zero,EASY,False,https://leetcode.com/problems/count-operations-to-obtain-zero/,agg-ranking,,
2176,Count Equal and Divisible Pairs in an Array,EASY,False,https://leetcode.com/problems/count-equal-and-divisible-pairs-in-an-array/,agg-ranking,,
2180,Count Integers With Even Digit Sum,EASY,False,https://leetcode.com/problems/count-integers-with-even-digit-sum/,agg-ranking,,
2190,Most Frequent Number Following Key In an Array,EASY,False,https://leetcode.com/problems/most-frequent-number-following-key-in-an-array/,agg-ranking,,
2205,The Number of Users That Are Eligible for Discount,EASY,True,https://leetcode.com/problems/the-number-of-users-that-are-eligible-for-discount/,agg-ranking,,
2206,Divide Array Into Equal Pairs,EASY,False,https://leetcode.com/problems/divide-array-into-equal-pairs/,basic-math,,
2210,Count Hills and Valleys in an Array,EASY,False,https://leetcode.com/problems/count-hills-and-valleys-in-an-array/,agg-ranking,,
2220,Minimum Bit Flips to Convert Number,EASY,False,https://leetcode.com/problems/minimum-bit-flips-to-convert-number/,agg-ranking,,
2224,Minimum Number of Operations to Convert Time,EASY,False,https://leetcode.com/problems/minimum-number-of-operations-to-convert-time/,agg-ranking,,
2229,Check if an Array Is Consecutive,EASY,True,https://leetcode.com/problems/check-if-an-array-is-consecutive/,time-series,,
2235,Add Two Integers,EASY,False,https://leetcode.com/problems/add-two-integers/,basic-math,,
2236,Root Equals Sum of Children,EASY,False,https://leetcode.com/problems/root-equals-sum-of-children/,agg-ranking,,
2243,Calculate Digit Sum of a String,EASY,False,https://leetcode.com/problems/calculate-digit-sum-of-a-string/,agg-ranking,,
2255,Count Prefixes of a Given String,EASY,False,https://leetcode.com/problems/count-prefixes-of-a-given-string/,agg-ranking,,
2259,Remove Digit From Number to Maximize Result,EASY,False,https://leetcode.com/problems/remove-digit-from-number-to-maximize-result/,data-cleaning,,
2278,Percentage of Letter in String,EASY,False,https://leetcode.com/problems/percentage-of-letter-in-string/,"stats-prob,kpi-metrics",,
2283,Check if Number Has Equal Digit Count and Digit Value,EASY,False,https://leetcode.com/problems/check-if-number-has-equal-digit-count-and-digit-value/,agg-ranking,,
2315,Count Asterisks,EASY,False,https://leetcode.com/problems/count-asterisks/,agg-ranking,,
2329,Product Sales Analysis V,EASY,True,https://leetcode.com/problems/product-sales-analysis-v/,tabular-business,,
2331,Evaluate Boolean Binary Tree,EASY,False,https://leetcode.com/problems/evaluate-boolean-binary-tree/,basic-math,,
2335,Minimum Amount of Time to Fill Cups,EASY,False,https://leetcode.com/problems/minimum-amount-of-time-to-fill-cups/,agg-ranking,,
2341,Maximum Number of Pairs in Array,EASY,False,https://leetcode.com/problems/maximum-number-of-pairs-in-array/,agg-ranking,,
2356,Number of Unique Subjects Taught by Each Teacher,EASY,False,https://leetcode.com/problems/number-of-unique-subjects-taught-by-each-teacher/,"data-cleaning,agg-ranking",,
2367,Number of Arithmetic Triplets,EASY,False,https://leetcode.com/problems/number-of-arithmetic-triplets/,agg-ranking,,
2379,Minimum Recolors to Get K Consecutive Black Blocks,EASY,False,https://leetcode.com/problems/minimum-recolors-to-get-k-consecutive-black-blocks/,"agg-ranking,time-series",,
2383,Minimum Hours of Training to Win a Competition,EASY,False,https://leetcode.com/problems/minimum-hours-of-training-to-win-a-competition/,agg-ranking,,
2389,Longest Subsequence With Limited Sum,EASY,False,https://leetcode.com/problems/longest-subsequence-with-limited-sum/,agg-ranking,,
2395,Find Subarrays With Equal Sum,EASY,False,https://leetcode.com/problems/find-subarrays-with-equal-sum/,agg-ranking,,
2404,Most Frequent Even Element,EASY,False,https://leetcode.com/problems/most-frequent-even-element/,agg-ranking,,
2409,Count Days Spent Together,EASY,False,https://leetcode.com/problems/count-days-spent-together/,agg-ranking,,
2423,Remove Letter To Equalize Frequency,EASY,False,https://leetcode.com/problems/remove-letter-to-equalize-frequency/,"data-cleaning,agg-ranking",,
2427,Number of Common Factors,EASY,False,https://leetcode.com/problems/number-of-common-factors/,agg-ranking,,
2432,The Employee That Worked on the Longest Task,EASY,False,https://leetcode.com/problems/the-employee-that-worked-on-the-longest-task/,tabular-business,,
2437,Number of Valid Clock Times,EASY,False,https://leetcode.com/problems/number-of-valid-clock-times/,"data-cleaning,agg-ranking",,
2455,Average Value of Even Numbers That Are Divisible by Three,EASY,False,https://leetcode.com/problems/average-value-of-even-numbers-that-are-divisible-by-three/,"stats-prob,kpi-metrics",,
2465,Number of Distinct Averages,EASY,False,https://leetcode.com/problems/number-of-distinct-averages/,"data-cleaning,agg-ranking",,
2475,Number of Unequal Triplets in Array,EASY,False,https://leetcode.com/problems/number-of-unequal-triplets-in-array/,agg-ranking,,
2481,Minimum Cuts to Divide a Circle,EASY,False,https://leetcode.com/problems/minimum-cuts-to-divide-a-circle/,"agg-ranking,basic-math",,
2496,Maximum Value of a String in an Array,EASY,False,https://leetcode.com/problems/maximum-value-of-a-string-in-an-array/,agg-ranking,,
2500,Delete Greatest Value in Each Row,EASY,False,https://leetcode.com/problems/delete-greatest-value-in-each-row/,data-cleaning,,
2506,Count Pairs Of Similar Strings,EASY,False,https://leetcode.com/problems/count-pairs-of-similar-strings/,agg-ranking,,
2511,Maximum Enemy Forts That Can Be Captured,EASY,False,https://leetcode.com/problems/maximum-enemy-forts-that-can-be-captured/,agg-ranking,,
2520,Count the Digits That Divide a Number,EASY,False,https://leetcode.com/problems/count-the-digits-that-divide-a-number/,"agg-ranking,basic-math",,
2529,Maximum Count of Positive Integer and Negative Integer,EASY,False,https://leetcode.com/problems/maximum-count-of-positive-integer-and-negative-integer/,agg-ranking,,
2535,Difference Between Element Sum and Digit Sum of an Array,EASY,False,https://leetcode.com/problems/difference-between-element-sum-and-digit-sum-of-an-array/,agg-ranking,,
2540,Minimum Common Value,EASY,False,https://leetcode.com/problems/minimum-common-value/,agg-ranking,,
2544,Alternating Digit Sum,EASY,False,https://leetcode.com/problems/alternating-digit-sum/,agg-ranking,,
2549,Count Distinct Numbers on Board,EASY,False,https://leetcode.com/problems/count-distinct-numbers-on-board/,"data-cleaning,agg-ranking",,
2566,Maximum Difference by Remapping a Digit,EASY,False,https://leetcode.com/problems/maximum-difference-by-remapping-a-digit/,agg-ranking,,
2574,Left and Right Sum Differences,EASY,False,https://leetcode.com/problems/left-and-right-sum-differences/,agg-ranking,,
2578,Split With Minimum Sum,EASY,False,https://leetcode.com/problems/split-with-minimum-sum/,agg-ranking,,
2586,Count the Number of Vowel Strings in Range,EASY,False,https://leetcode.com/problems/count-the-number-of-vowel-strings-in-range/,agg-ranking,,
2591,Distribute Money to Maximum Children,EASY,False,https://leetcode.com/problems/distribute-money-to-maximum-children/,agg-ranking,,
2595,Number of Even and Odd Bits,EASY,False,https://leetcode.com/problems/number-of-even-and-odd-bits/,agg-ranking,,
2600,K Items With the Maximum Sum,EASY,False,https://leetcode.com/problems/k-items-with-the-maximum-sum/,agg-ranking,,
2609,Find the Longest Balanced Substring of a Binary String,EASY,False,https://leetcode.com/problems/find-the-longest-balanced-substring-of-a-binary-string/,basic-math,,
2614,Prime In Diagonal,EASY,False,https://leetcode.com/problems/prime-in-diagonal/,basic-math,,
2643,Row With Maximum Ones,EASY,False,https://leetcode.com/problems/row-with-maximum-ones/,agg-ranking,,
2644,Find the Maximum Divisibility Score,EASY,False,https://leetcode.com/problems/find-the-maximum-divisibility-score/,"agg-ranking,kpi-metrics",,
2652,Sum Multiples,EASY,False,https://leetcode.com/problems/sum-multiples/,agg-ranking,,
2656,Maximum Sum With Exactly K Elements,EASY,False,https://leetcode.com/problems/maximum-sum-with-exactly-k-elements/,agg-ranking,,
2669,Count Artist Occurrences On Spotify Ranking List,EASY,True,https://leetcode.com/problems/count-artist-occurrences-on-spotify-ranking-list/,agg-ranking,,
2670,Find the Distinct Difference Array,EASY,False,https://leetcode.com/problems/find-the-distinct-difference-array/,data-cleaning,,
2678,Number of Senior Citizens,EASY,False,https://leetcode.com/problems/number-of-senior-citizens/,agg-ranking,,
2689,Extract Kth Character From The Rope Tree,EASY,True,https://leetcode.com/problems/extract-kth-character-from-the-rope-tree/,agg-ranking,,
2696,Minimum String Length After Removing Substrings,EASY,False,https://leetcode.com/problems/minimum-string-length-after-removing-substrings/,agg-ranking,,
2697,Lexicographically Smallest Palindrome,EASY,False,https://leetcode.com/problems/lexicographically-smallest-palindrome/,basic-math,,
2710,Remove Trailing Zeros From a String,EASY,False,https://leetcode.com/problems/remove-trailing-zeros-from-a-string/,data-cleaning,,
2723,Add Two Promises,EASY,False,https://leetcode.com/problems/add-two-promises/,basic-math,,
2725,Interval Cancellation,EASY,False,https://leetcode.com/problems/interval-cancellation/,stats-prob,,
2727,Is Object Empty,EASY,False,https://leetcode.com/problems/is-object-empty/,data-cleaning,,
2728,Count Houses in a Circular Street,EASY,True,https://leetcode.com/problems/count-houses-in-a-circular-street/,agg-ranking,,
2733,Neither Minimum nor Maximum,EASY,False,https://leetcode.com/problems/neither-minimum-nor-maximum/,agg-ranking,,
2739,Total Distance Traveled,EASY,False,https://leetcode.com/problems/total-distance-traveled/,"agg-ranking,kpi-metrics",,
2744,Find Maximum Number of String Pairs,EASY,False,https://leetcode.com/problems/find-maximum-number-of-string-pairs/,agg-ranking,,
2748,Number of Beautiful Pairs,EASY,False,https://leetcode.com/problems/number-of-beautiful-pairs/,agg-ranking,,
2758,Next Day,EASY,True,https://leetcode.com/problems/next-day/,time-series,,
2769,Find the Maximum Achievable Number,EASY,False,https://leetcode.com/problems/find-the-maximum-achievable-number/,agg-ranking,,
2778,Sum of Squares of Special Elements,EASY,False,https://leetcode.com/problems/sum-of-squares-of-special-elements/,agg-ranking,,
2798,Number of Employees Who Met the Target,EASY,False,https://leetcode.com/problems/number-of-employees-who-met-the-target/,agg-ranking,,
2806,Account Balance After Rounded Purchase,EASY,False,https://leetcode.com/problems/account-balance-after-rounded-purchase/,tabular-business,,
2815,Max Pair Sum in an Array,EASY,False,https://leetcode.com/problems/max-pair-sum-in-an-array/,agg-ranking,,
2824,Count Pairs Whose Sum is Less than Target,EASY,False,https://leetcode.com/problems/count-pairs-whose-sum-is-less-than-target/,agg-ranking,,
2837,Total Traveled Distance,EASY,True,https://leetcode.com/problems/total-traveled-distance/,"agg-ranking,kpi-metrics",,
2843,Count Symmetric Integers,EASY,False,https://leetcode.com/problems/count-symmetric-integers/,agg-ranking,,
2853,Highest Salaries Difference,EASY,True,https://leetcode.com/problems/highest-salaries-difference/,agg-ranking,,
2855,Minimum Right Shifts to Sort the Array,EASY,False,https://leetcode.com/problems/minimum-right-shifts-to-sort-the-array/,agg-ranking,,
2859,Sum of Values at Indices With K Set Bits,EASY,False,https://leetcode.com/problems/sum-of-values-at-indices-with-k-set-bits/,agg-ranking,,
2864,Maximum Odd Binary Number,EASY,False,https://leetcode.com/problems/maximum-odd-binary-number/,"agg-ranking,basic-math",,
2869,Minimum Operations to Collect Elements,EASY,False,https://leetcode.com/problems/minimum-operations-to-collect-elements/,agg-ranking,,
2873,Maximum Value of an Ordered Triplet I,EASY,False,https://leetcode.com/problems/maximum-value-of-an-ordered-triplet-i/,agg-ranking,,
2882,Drop Duplicate Rows,EASY,False,https://leetcode.com/problems/drop-duplicate-rows/,data-cleaning,,
2883,Drop Missing Data,EASY,False,https://leetcode.com/problems/drop-missing-data/,data-cleaning,,
2887,Fill Missing Data,EASY,False,https://leetcode.com/problems/fill-missing-data/,data-cleaning,,
2908,Minimum Sum of Mountain Triplets I,EASY,False,https://leetcode.com/problems/minimum-sum-of-mountain-triplets-i/,agg-ranking,,
2913,Subarrays Distinct Element Sum of Squares I,EASY,False,https://leetcode.com/problems/subarrays-distinct-element-sum-of-squares-i/,"data-cleaning,agg-ranking",,
2932,Maximum Strong Pair XOR I,EASY,False,https://leetcode.com/problems/maximum-strong-pair-xor-i/,agg-ranking,,
2960,Count Tested Devices After Test Operations,EASY,False,https://leetcode.com/problems/count-tested-devices-after-test-operations/,agg-ranking,,
2965,Find Missing and Repeated Values,EASY,False,https://leetcode.com/problems/find-missing-and-repeated-values/,data-cleaning,,
2970,Count the Number of Incremovable Subarrays I,EASY,False,https://leetcode.com/problems/count-the-number-of-incremovable-subarrays-i/,agg-ranking,,
2974,Minimum Number Game,EASY,False,https://leetcode.com/problems/minimum-number-game/,agg-ranking,,
2985,Calculate Compressed Mean,EASY,True,https://leetcode.com/problems/calculate-compressed-mean/,"stats-prob,kpi-metrics",,
2996,Smallest Missing Integer Greater Than Sequential Prefix Sum,EASY,False,https://leetcode.com/problems/smallest-missing-integer-greater-than-sequential-prefix-sum/,"data-cleaning,agg-ranking",,
3000,Maximum Area of Longest Diagonal Rectangle,EASY,False,https://leetcode.com/problems/maximum-area-of-longest-diagonal-rectangle/,agg-ranking,,
3005,Count Elements With Maximum Frequency,EASY,False,https://leetcode.com/problems/count-elements-with-maximum-frequency/,agg-ranking,,
3010,Divide an Array Into Subarrays With Minimum Cost I,EASY,False,https://leetcode.com/problems/divide-an-array-into-subarrays-with-minimum-cost-i/,"agg-ranking,basic-math",,
3014,Minimum Number of Pushes to Type Word I,EASY,False,https://leetcode.com/problems/minimum-number-of-pushes-to-type-word-i/,agg-ranking,,
3019,Number of Changing Keys,EASY,False,https://leetcode.com/problems/number-of-changing-keys/,agg-ranking,,
3032,Count Numbers With Unique Digits II,EASY,True,https://leetcode.com/problems/count-numbers-with-unique-digits-ii/,"data-cleaning,agg-ranking",,
3038,Maximum Number of Operations With the Same Score I,EASY,False,https://leetcode.com/problems/maximum-number-of-operations-with-the-same-score-i/,"agg-ranking,kpi-metrics",,
3042,Count Prefix and Suffix Pairs I,EASY,False,https://leetcode.com/problems/count-prefix-and-suffix-pairs-i/,agg-ranking,,
3059,Find All Unique Email Domains,EASY,True,https://leetcode.com/problems/find-all-unique-email-domains/,data-cleaning,,
3063,Linked List Frequency,EASY,True,https://leetcode.com/problems/linked-list-frequency/,agg-ranking,,
3065,Minimum Operations to Exceed Threshold Value I,EASY,False,https://leetcode.com/problems/minimum-operations-to-exceed-threshold-value-i/,agg-ranking,,
3079,Find the Sum of Encrypted Integers,EASY,False,https://leetcode.com/problems/find-the-sum-of-encrypted-integers/,agg-ranking,,
3090,Maximum Length Substring With Two Occurrences,EASY,False,https://leetcode.com/problems/maximum-length-substring-with-two-occurrences/,agg-ranking,,
3095,Shortest Subarray With OR at Least K I,EASY,False,https://leetcode.com/problems/shortest-subarray-with-or-at-least-k-i/,agg-ranking,,
3110,Score of a String,EASY,False,https://leetcode.com/problems/score-of-a-string/,kpi-metrics,,
3120,Count the Number of Special Characters I,EASY,False,https://leetcode.com/problems/count-the-number-of-special-characters-i/,agg-ranking,,
3136,Valid Word,EASY,False,https://leetcode.com/problems/valid-word/,data-cleaning,,
3150,Invalid Tweets II,EASY,True,https://leetcode.com/problems/invalid-tweets-ii/,data-cleaning,,
3162,Find the Number of Good Pairs I,EASY,False,https://leetcode.com/problems/find-the-number-of-good-pairs-i/,agg-ranking,,
3168,Minimum Number of Chairs in a Waiting Room,EASY,False,https://leetcode.com/problems/minimum-number-of-chairs-in-a-waiting-room/,agg-ranking,,
3172,Second Day Verification,EASY,True,https://leetcode.com/problems/second-day-verification/,"agg-ranking,time-series",,
3184,Count Pairs That Form a Complete Day I,EASY,False,https://leetcode.com/problems/count-pairs-that-form-a-complete-day-i/,"agg-ranking,time-series",,
3190,Find Minimum Operations to Make All Elements Divisible by Three,EASY,False,https://leetcode.com/problems/find-minimum-operations-to-make-all-elements-divisible-by-three/,agg-ranking,,
3194,Minimum Average of Smallest and Largest Elements,EASY,False,https://leetcode.com/problems/minimum-average-of-smallest-and-largest-elements/,"stats-prob,agg-ranking,kpi-metrics",,
3199,Count Triplets with Even XOR Set Bits I,EASY,True,https://leetcode.com/problems/count-triplets-with-even-xor-set-bits-i/,agg-ranking,,
3200,Maximum Height of a Triangle,EASY,False,https://leetcode.com/problems/maximum-height-of-a-triangle/,agg-ranking,,
3226,Number of Bit Changes to Make Two Integers Equal,EASY,False,https://leetcode.com/problems/number-of-bit-changes-to-make-two-integers-equal/,agg-ranking,,
3238,Find the Number of Winning Players,EASY,False,https://leetcode.com/problems/find-the-number-of-winning-players/,agg-ranking,,
3242,Design Neighbor Sum Service,EASY,False,https://leetcode.com/problems/design-neighbor-sum-service/,agg-ranking,,
3258,Count Substrings That Satisfy K-Constraint I,EASY,False,https://leetcode.com/problems/count-substrings-that-satisfy-k-constraint-i/,agg-ranking,,
3280,Convert Date to Binary,EASY,False,https://leetcode.com/problems/convert-date-to-binary/,"data-cleaning,time-series,basic-math",,
3300,Minimum Element After Replacement With Digit Sum,EASY,False,https://leetcode.com/problems/minimum-element-after-replacement-with-digit-sum/,agg-ranking,,
3314,Construct the Minimum Bitwise Array I,EASY,False,https://leetcode.com/problems/construct-the-minimum-bitwise-array-i/,agg-ranking,,
3318,Find X-Sum of All K-Long Subarrays I,EASY,False,https://leetcode.com/problems/find-x-sum-of-all-k-long-subarrays-i/,agg-ranking,,
3345,Smallest Divisible Digit Product I,EASY,False,https://leetcode.com/problems/smallest-divisible-digit-product-i/,tabular-business,,
3353,Minimum Total Operations,EASY,True,https://leetcode.com/problems/minimum-total-operations/,"agg-ranking,kpi-metrics",,
3358,Books with NULL Ratings,EASY,True,https://leetcode.com/problems/books-with-null-ratings/,data-cleaning,,
3364,Minimum Positive Sum Subarray,EASY,False,https://leetcode.com/problems/minimum-positive-sum-subarray/,agg-ranking,,
3375,Minimum Operations to Make Array Values Equal to K,EASY,False,https://leetcode.com/problems/minimum-operations-to-make-array-values-equal-to-k/,agg-ranking,,
3392,Count Subarrays of Length Three With a Condition,EASY,False,https://leetcode.com/problems/count-subarrays-of-length-three-with-a-condition/,agg-ranking,,
3396,Minimum Number of Operations to Make Elements in Array Distinct,EASY,False,https://leetcode.com/problems/minimum-number-of-operations-to-make-elements-in-array-distinct/,"data-cleaning,agg-ranking",,
3402,Minimum Operations to Make Columns Strictly Increasing,EASY,False,https://leetcode.com/problems/minimum-operations-to-make-columns-strictly-increasing/,agg-ranking,,
3411,Maximum Subarray With Equal Products,EASY,False,https://leetcode.com/problems/maximum-subarray-with-equal-products/,agg-ranking,,
3415,Find Products with Three Consecutive Digits,EASY,True,https://leetcode.com/problems/find-products-with-three-consecutive-digits/,time-series,,
3423,Maximum Difference Between Adjacent Elements in a Circular Array,EASY,False,https://leetcode.com/problems/maximum-difference-between-adjacent-elements-in-a-circular-array/,agg-ranking,,
3427,Sum of Variable Length Subarrays,EASY,False,https://leetcode.com/problems/sum-of-variable-length-subarrays/,agg-ranking,,
3432,Count Partitions with Even Sum Difference,EASY,False,https://leetcode.com/problems/count-partitions-with-even-sum-difference/,agg-ranking,,
3436,Find Valid Emails,EASY,False,https://leetcode.com/problems/find-valid-emails/,data-cleaning,,
3438,Find Valid Pair of Adjacent Digits in String,EASY,False,https://leetcode.com/problems/find-valid-pair-of-adjacent-digits-in-string/,data-cleaning,,
3442,Maximum Difference Between Even and Odd Frequency I,EASY,False,https://leetcode.com/problems/maximum-difference-between-even-and-odd-frequency-i/,agg-ranking,,
3450,Maximum Students on a Single Bench,EASY,True,https://leetcode.com/problems/maximum-students-on-a-single-bench/,agg-ranking,,
3452,Sum of Good Numbers,EASY,False,https://leetcode.com/problems/sum-of-good-numbers/,agg-ranking,,
3465,Find Products with Valid Serial Numbers,EASY,False,https://leetcode.com/problems/find-products-with-valid-serial-numbers/,data-cleaning,,
3471,Find the Largest Almost Missing Integer,EASY,False,https://leetcode.com/problems/find-the-largest-almost-missing-integer/,data-cleaning,,
3483,Unique 3-Digit Even Numbers,EASY,False,https://leetcode.com/problems/unique-3-digit-even-numbers/,data-cleaning,,
3487,Maximum Unique Subarray Sum After Deletion,EASY,False,https://leetcode.com/problems/maximum-unique-subarray-sum-after-deletion/,"data-cleaning,agg-ranking",,
3492,Maximum Containers on a Ship,EASY,False,https://leetcode.com/problems/maximum-containers-on-a-ship/,agg-ranking,,
3502,Minimum Cost to Reach Every Position,EASY,False,https://leetcode.com/problems/minimum-cost-to-reach-every-position/,agg-ranking,,
3507,Minimum Pair Removal to Sort Array I,EASY,False,https://leetcode.com/problems/minimum-pair-removal-to-sort-array-i/,agg-ranking,,
3512,Minimum Operations to Make Array Sum Divisible by K,EASY,False,https://leetcode.com/problems/minimum-operations-to-make-array-sum-divisible-by-k/,agg-ranking,,
3536,Maximum Product of Two Digits,EASY,False,https://leetcode.com/problems/maximum-product-of-two-digits/,"agg-ranking,tabular-business",,
3541,Find Most Frequent Vowel and Consonant,EASY,False,https://leetcode.com/problems/find-most-frequent-vowel-and-consonant/,agg-ranking,,
3545,Minimum Deletions for At Most K Distinct Characters,EASY,False,https://leetcode.com/problems/minimum-deletions-for-at-most-k-distinct-characters/,"data-cleaning,agg-ranking",,
3550,Smallest Index With Digit Sum Equal to Index,EASY,False,https://leetcode.com/problems/smallest-index-with-digit-sum-equal-to-index/,agg-ranking,,
3560,Find Minimum Log Transportation Cost,EASY,False,https://leetcode.com/problems/find-minimum-log-transportation-cost/,agg-ranking,,
3581,Count Odd Letters from Number,EASY,True,https://leetcode.com/problems/count-odd-letters-from-number/,agg-ranking,,
3591,Check if Any Element Has Prime Frequency,EASY,False,https://leetcode.com/problems/check-if-any-element-has-prime-frequency/,"agg-ranking,basic-math",,
3602,Hexadecimal and Hexatrigesimal Conversion,EASY,False,https://leetcode.com/problems/hexadecimal-and-hexatrigesimal-conversion/,kpi-metrics,,
3622,Check Divisibility by Digit Sum and Product,EASY,False,https://leetcode.com/problems/check-divisibility-by-digit-sum-and-product/,"agg-ranking,tabular-business",,
3662,Filter Characters by Frequency,EASY,True,https://leetcode.com/problems/filter-characters-by-frequency/,agg-ranking,,
3663,Find The Least Frequent Digit,EASY,False,https://leetcode.com/problems/find-the-least-frequent-digit/,agg-ranking,,
3668,Restore Finishing Order,EASY,False,https://leetcode.com/problems/restore-finishing-order/,tabular-business,,
3674,Minimum Operations to Equalize Array,EASY,False,https://leetcode.com/problems/minimum-operations-to-equalize-array/,agg-ranking,,
3678,Smallest Absent Positive Greater Than Average,EASY,False,https://leetcode.com/problems/smallest-absent-positive-greater-than-average/,"stats-prob,kpi-metrics",,
3684,Maximize Sum of At Most K Distinct Elements,EASY,False,https://leetcode.com/problems/maximize-sum-of-at-most-k-distinct-elements/,"data-cleaning,agg-ranking",,
3692,Majority Frequency Characters,EASY,False,https://leetcode.com/problems/majority-frequency-characters/,agg-ranking,,
3696,Maximum Distance Between Unequal Words in Array I,EASY,True,https://leetcode.com/problems/maximum-distance-between-unequal-words-in-array-i/,agg-ranking,,
3701,Compute Alternating Sum,EASY,False,https://leetcode.com/problems/compute-alternating-sum/,agg-ranking,,
3707,Equal Score Substrings,EASY,False,https://leetcode.com/problems/equal-score-substrings/,kpi-metrics,,
3712,Sum of Elements With Frequency Divisible by K,EASY,False,https://leetcode.com/problems/sum-of-elements-with-frequency-divisible-by-k/,agg-ranking,,
3718,Smallest Missing Multiple of K,EASY,False,https://leetcode.com/problems/smallest-missing-multiple-of-k/,data-cleaning,,
3726,Remove Zeros in Decimal Representation,EASY,False,https://leetcode.com/problems/remove-zeros-in-decimal-representation/,data-cleaning,,
3731,Find Missing Elements,EASY,False,https://leetcode.com/problems/find-missing-elements/,data-cleaning,,
3736,Minimum Moves to Equal Array Elements III,EASY,False,https://leetcode.com/problems/minimum-moves-to-equal-array-elements-iii/,agg-ranking,,
3740,Minimum Distance Between Three Equal Elements I,EASY,False,https://leetcode.com/problems/minimum-distance-between-three-equal-elements-i/,agg-ranking,,
3750,Minimum Number of Flips to Reverse Binary String,EASY,False,https://leetcode.com/problems/minimum-number-of-flips-to-reverse-binary-string/,"agg-ranking,basic-math",,
3754,Concatenate Non-Zero Digits and Multiply by Sum I,EASY,False,https://leetcode.com/problems/concatenate-non-zero-digits-and-multiply-by-sum-i/,agg-ranking,,
3769,Sort Integers by Binary Reflection,EASY,False,https://leetcode.com/problems/sort-integers-by-binary-reflection/,basic-math,,
3774,Absolute Difference Between Maximum and Minimum K Elements,EASY,False,https://leetcode.com/problems/absolute-difference-between-maximum-and-minimum-k-elements/,agg-ranking,,
3803,Count Residue Prefixes,EASY,False,https://leetcode.com/problems/count-residue-prefixes/,agg-ranking,,
3813,Vowel-Consonant Score,EASY,False,https://leetcode.com/problems/vowel-consonant-score/,kpi-metrics,,
3827,Count Monobit Integers,EASY,False,https://leetcode.com/problems/count-monobit-integers/,agg-ranking,,
